No.,US-Equity-SNP,US-Equity-1000,US-Equity-Russell-2000,US-Equity-All
1,AAPL,AAPL,SMCI,SMCI
2,MSFT,MSFT,ELF,ELF
3,AMZN,AMZN,FIX,FIX
4,NVDA,NVDA,MSTR,MSTR
5,GOOG,GOOG,ONTO,ONTO
6,TSLA,TSLA,SSD,SSD
7,META,META,LNW,LNW
8,BRK-B,BRK-B,PCVX,PCVX
9,XOM,XOM,BRBR,BRBR
10,LLY,LLY,NXT,NXT
11,UNH,UNH,FN,FN
12,JPM,JPM,APG,APG
13,V,V,CYTK,CYTK
14,JNJ,JNJ,AIT,AIT
15,PG,PG,WFRD,WFRD
16,AVGO,AVGO,SPSC,SPSC
17,MA,MA,UFPI,UFPI
18,HD,HD,ITCI,ITCI
19,CVX,CVX,CHRD,CHRD
20,MRK,MRK,HQY,HQY
21,ABBV,ABBV,RHP,RHP
22,ADBE,ADBE,MTDR,MTDR
23,COST,COST,SSB,SSB
24,PEP,PEP,ENSG,ENSG
25,CSCO,CSCO,CMC,CMC
26,WMT,WMT,SIGI,SIGI
27,KO,KO,QLYS,QLYS
28,CRM,CRM,RMBS,RMBS
29,ACN,ACN,FLR,FLR
30,TMO,TMO,ATI,ATI
31,MCD,MCD,TMHC,TMHC
32,NFLX,NFLX,CHX,CHX
33,BAC,BAC,TENB,TENB
34,PFE,PFE,NOVT,NOVT
35,ORCL,ORCL,MUR,MUR
36,LIN,LIN,ANF,ANF
37,CMCSA,CMCSA,MARA,MARA
38,ABT,ABT,AAON,AAON
39,AMD,AMD,PBF,PBF
40,DHR,DHR,GTLS,GTLS
41,INTC,INTC,BCC,BCC
42,INTU,INTU,MLI,MLI
43,WFC,WFC,PR,PR
44,TXN,TXN,MTH,MTH
45,COP,COP,ATKR,ATKR
46,DIS,DIS,OPCH,OPCH
47,CAT,CAT,ESNT,ESNT
48,PM,PM,BECN,BECN
49,VZ,VZ,CVNA,CVNA
50,LOW,LOW,DUOL,DUOL
51,T,T,WTS,WTS
52,BA,BA,VRNS,VRNS
53,C,C,FTAI,FTAI
54,AMGN,AMGN,ALKS,ALKS
55,MDT,MDT,SFM,SFM
56,MMM,MMM,BPMC,BPMC
57,IBM,IBM,NSIT,NSIT
58,UNP,UNP,TRNO,TRNO
59,PYPL,PYPL,CIVI,CIVI
60,HON,HON,CWST,CWST
61,NKE,NKE,MMS,MMS
62,MO,MO,IBP,IBP
63,UPS,UPS,STNE,STNE
64,EMN,EMN,EXLS,EXLS
65,GL,GL,ALTR,ALTR
66,ROL,ROL,ASO,ASO
67,JNPR,JNPR,NE,NE
68,UHS,UHS,COOP,COOP
69,REG,REG,ONB,ONB
70,NCLH,NCLH,SPXC,SPXC
71,CPB,CPB,FSS,FSS
72,MKTX,MKTX,ALTM,ALTM
73,AOS,AOS,KRG,KRG
74,PNW,PNW,SIG,SIG
75,FOXA,FOXA,SUM,SUM
76,HII,HII,ZWS,ZWS
77,KEY,KEY,UBSI,UBSI
78,NRG,NRG,MTSI,MTSI
79,GNRC,GNRC,WK,WK
80,FFIV,FFIV,ASGN,ASGN
81,RHI,RHI,HALO,HALO
82,XRAY,XRAY,SM,SM
83,BBWI,BBWI,CBT,CBT
84,WHR,WHR,APPF,APPF
85,BXP,BXP,BCPC,BCPC
86,BIO,BIO,FELE,FELE
87,CTLT,CTLT,BMI,BMI
88,PARA,PARA,ABG,ABG
89,HAS,HAS,ETRN,ETRN
90,IVZ,IVZ,GKOS,GKOS
91,BEN,BEN,SLAB,SLAB
92,NWSA,NWSA,HOMB,HOMB
93,WRK,WRK,GATX,GATX
94,FRT,FRT,MMSI,MMSI
95,ALK,ALK,FCFS,FCFS
96,AIZ,AIZ,KBH,KBH
97,DXC,DXC,BBIO,BBIO
98,SEE,SEE,AEL,AEL
99,VFC,VFC,HLNE,HLNE
100,CMA,CMA,CADE,CADE
101,DVA,DVA,AMR,AMR
102,MHK,MHK,SKY,SKY
103,RL,RL,SYNA,SYNA
104,OGN,OGN,GBCI,GBCI
105,ZION,ZION,HRI,HRI
106,CHRW,CHRW,POWI,POWI
107,AAP,AAP,MATX,MATX
108,LNC,LNC,FUL,FUL
109,NWL,NWL,RVMD,RVMD
110,NWS,NWS,POR,POR
111,FTRE,FTRE,CVLT,CVLT
112,PHIN,PHIN,FFIN,FFIN
113,CVS,CVS,PTEN,PTEN
114,BMY,BMY,MOD,MOD
115,GILD,GILD,PECO,PECO
116,NEE,NEE,COKE,COKE
117,BKNG,BKNG,NJR,NJR
118,SBUX,SBUX,AEO,AEO
119,CI,CI,ACA,ACA
120,AMT,AMT,ALIT,ALIT
121,USB,USB,INSM,INSM
122,QCOM,QCOM,EXPO,EXPO
123,AXP,AXP,FOLD,FOLD
124,CME,CME,KNF,KNF
125,GE,GE,LNTH,LNTH
126,LMT,LMT,KAI,KAI
127,DUK,DUK,ACLS,ACLS
128,BIIB,BIIB,HWC,HWC
129,BDX,BDX,AEIS,AEIS
130,MDLZ,MDLZ,VAL,VAL
131,CB,CB,HP,HP
132,GS,GS,EPRT,EPRT
133,ADP,ADP,JXN,JXN
134,TJX,TJX,MGY,MGY
135,WBA,WBA,MDC,MDC
136,PNC,PNC,BCO,BCO
137,ISRG,ISRG,RDN,RDN
138,MS,MS,CRC,CRC
139,EOG,EOG,ENS,ENS
140,SPG,SPG,NEOG,NEOG
141,CL,CL,MAC,MAC
142,CHTR,CHTR,TEX,TEX
143,SLB,SLB,TNET,TNET
144,CSX,CSX,GPI,GPI
145,SCHW,SCHW,SWX,SWX
146,D,D,BOX,BOX
147,SYK,SYK,OTTR,OTTR
148,MAR,MAR,VLY,VLY
149,TT,TT,LANC,LANC
150,EMR,EMR,SHAK,SHAK
151,NSC,NSC,GMS,GMS
152,CCI,CCI,UMBF,UMBF
153,HCA,HCA,RPD,RPD
154,WELL,WELL,HGV,HGV
155,ECL,ECL,IRTC,IRTC
156,PCAR,PCAR,BDC,BDC
157,CTAS,CTAS,HAE,HAE
158,ADSK,ADSK,ORA,ORA
159,AZO,AZO,WIRE,WIRE
160,NEM,NEM,PCH,PCH
161,AIG,AIG,WDFC,WDFC
162,MCHP,MCHP,AVNT,AVNT
163,SRE,SRE,APLE,APLE
164,WMB,WMB,BXMT,BXMT
165,DXCM,DXCM,ITRI,ITRI
166,ROST,ROST,IRT,IRT
167,HLT,HLT,BKH,BKH
168,AFL,AFL,KTB,KTB
169,VLO,VLO,ESGR,ESGR
170,CARR,CARR,CSWI,CSWI
171,GM,GM,ACIW,ACIW
172,TFC,TFC,PBH,PBH
173,CPRT,CPRT,NPO,NPO
174,COF,COF,EVH,EVH
175,NUE,NUE,ALE,ALE
176,SPG,PSA,TPH,TPH
177,PSA,DLR,SANM,SANM
178,DLR,KMB,AMKR,AMKR
179,KMB,MSCI,GT,GT
180,MSCI,TRV,MC,MC
181,TRV,EW,ARWR,ARWR
182,EW,F,ARCB,ARCB
183,F,TEL,BL,BL
184,TEL,AEP,SFBS,SFBS
185,AEP,MNST,LBRT,LBRT
186,MNST,OKE,OGS,OGS
187,CHTR,CNC,ALRM,ALRM
188,OKE,MET,VC,VC
189,CNC,ADM,AXNX,AXNX
190,MET,IDXX,HI,HI
191,ADM,DHI,PIPR,PIPR
192,IDXX,PAYX,MHO,MHO
193,DHI,IQV,NSP,NSP
194,PAYX,OXY,FRSH,FRSH
195,IQV,STZ,BHVN,BHVN
196,OXY,HES,DY,DY
197,STZ,EXC,STNG,STNG
198,HES,O,CCOI,CCOI
199,D,CEG,REZI,REZI
200,EXC,A,CBZ,CBZ
201,O,BK,DBRG,DBRG
202,CEG,GIS,AXSM,AXSM
203,A,LHX,JBT,JBT
204,BK,SYY,ITGR,ITGR
205,GIS,DOW,ADNT,ADNT
206,LHX,JCI,AVAV,AVAV
207,SYY,AMP,MDGL,MDGL
208,DOW,PCG,SMPL,SMPL
209,JCI,ODFL,SHOO,SHOO
210,AMP,AME,PGNY,PGNY
211,PCG,ALL,FORM,FORM
212,ODFL,CTSH,CVCO,CVCO
213,AME,GWW,SBRA,SBRA
214,ALL,OTIS,TDW,TDW
215,CTSH,KVUE,SWTX,SWTX
216,GWW,YUM,CRS,CRS
217,OTIS,PRU,KFY,KFY
218,KVUE,FIS,ABCB,ABCB
219,YUM,VRSK,NARI,NARI
220,PRU,IT,PNM,PNM
221,FIS,FAST,BLKB,BLKB
222,VRSK,CSGP,BRZE,BRZE
223,IT,KMI,RIOT,RIOT
224,FAST,URI,ZD,ZD
225,CSGP,FTNT,VRRM,VRRM
226,KMI,COR,CNO,CNO
227,URI,EA,IOSP,IOSP
228,FTNT,HAL,SR,SR
229,COR,PPG,MGRC,MGRC
230,EA,XEL,MQ,MQ
231,BIIB,RSG,DIOD,DIOD
232,HAL,DD,CNX,CNX
233,PPG,LEN,SPT,SPT
234,XEL,CTVA,WD,WD
235,RSG,KDP,NWE,NWE
236,DD,ROK,AX,AX
237,LEN,CMI,ASB,ASB
238,CTVA,ON,PSN,PSN
239,KDP,PEG,VKTX,VKTX
240,ROK,ED,IDCC,IDCC
241,CMI,GPN,ACAD,ACAD
242,ON,VICI,LCII,LCII
243,PEG,EL,HCC,HCC
244,ED,ACGL,UCBI,UCBI
245,GPN,DG,BNL,BNL
246,VICI,IR,CERE,CERE
247,EL,KR,ARCH,ARCH
248,ACGL,DVN,WHD,WHD
249,DG,MLM,NOG,NOG
250,IR,VMC,TGNA,TGNA
251,KR,HSY,AMN,AMN
252,DVN,CDW,HELE,HELE
253,MLM,EXR,YELP,YELP
254,VMC,KHC,RUSHA,RUSHA
255,HSY,FICO,AIN,AIN
256,CDW,PWR,SLG,SLG
257,EXR,FANG,FOXF,FOXF
258,KHC,CAH,OSCR,OSCR
259,FICO,EFX,HUBG,HUBG
260,PWR,GEHC,DOOR,DOOR
261,FANG,SBAC,GFF,GFF
262,CAH,WEC,VSH,VSH
263,EFX,MPWR,ICFI,ICFI
264,GEHC,MRNA,IGT,IGT
265,SBAC,DLTR,TCBI,TCBI
266,WEC,RCL,RRR,RRR
267,MPWR,WST,IBOC,IBOC
268,MRNA,EIX,TMDX,TMDX
269,DLTR,AWK,BTU,BTU
270,RCL,WTW,MTRN,MTRN
271,WST,ANSS,SKT,SKT
272,EIX,HPQ,SHLS,SHLS
273,AWK,XYL,AWR,AWR
274,WTW,CBRE,KWR,KWR
275,ANSS,WBD,CDP,CDP
276,HPQ,TTWO,DOC,DOC
277,XYL,AVB,EVTC,EVTC
278,CBRE,ZBH,KLIC,KLIC
279,WBD,KEYS,SXT,SXT
280,TTWO,DAL,SITC,SITC
281,AVB,FTV,IDYA,IDYA
282,ZBH,LYB,SEM,SEM
283,KEYS,MTD,ABM,ABM
284,DAL,DFS,IPAR,IPAR
285,FTV,HIG,GHC,GHC
286,LYB,APTV,HASI,HASI
287,MTD,STT,KOS,KOS
288,DFS,ULTA,CWT,CWT
289,HIG,RMD,LIVN,LIVN
290,APTV,CHD,APAM,APAM
291,STT,WY,FBP,FBP
292,ULTA,BR,BOOT,BOOT
293,RMD,TROW,WSFS,WSFS
294,CHD,TSCO,LGIH,LGIH
295,WY,DTE,AVA,AVA
296,BR,EBAY,UNF,UNF
297,TROW,GLW,ROCK,ROCK
298,TSCO,MTB,URBN,URBN
299,DTE,HPE,FTDR,FTDR
300,EBAY,ETR,PLXS,PLXS
301,GLW,WAB,OI,OI
302,MTB,ES,KTOS,KTOS
303,HPE,MOH,PAGS,PAGS
304,ETR,FITB,CATY,CATY
305,WAB,HWM,LXP,LXP
306,ES,NVR,ESE,ESE
307,MOH,AEE,SGRY,SGRY
308,FITB,RJF,MYRG,MYRG
309,HWM,TRGP,WERN,WERN
310,NVR,STE,CLSK,CLSK
311,AEE,DOV,DOCN,DOCN
312,RJF,EQR,IIPR,IIPR
313,TRGP,PHM,BGC,BGC
314,STE,CTRA,RYTM,RYTM
315,DOV,IFF,CRDO,CRDO
316,EQR,INVH,CCS,CCS
317,PHM,VRSN,PJT,PJT
318,CTRA,PPL,CNMD,CNMD
319,IFF,LH,ARVN,ARVN
320,INVH,DRI,GNW,GNW
321,VRSN,FE,LRN,LRN
322,PPL,NTAP,STRL,STRL
323,LH,TDY,FL,FL
324,DRI,EXPE,QTWO,QTWO
325,FE,IRM,NTLA,NTLA
326,NTAP,CBOE,RXO,RXO
327,TDY,PTC,MWA,MWA
328,EXPE,GRMN,GH,GH
329,IRM,GPC,PI,PI
330,CBOE,NDAQ,PDCO,PDCO
331,PTC,VTR,NMIH,NMIH
332,GRMN,STLD,SONO,SONO
333,GPC,BAX,RELY,RELY
334,NDAQ,ARE,CEIX,CEIX
335,VTR,CNP,PRFT,PRFT
336,STLD,CLX,PATK,PATK
337,BAX,EXPD,AI,AI
338,ARE,BALL,PRGS,PRGS
339,CNP,AKAM,KRYS,KRYS
340,CLX,EG,FLYW,FLYW
341,EXPD,BRO,RAMP,RAMP
342,BALL,HOLX,ACLX,ACLX
343,AKAM,FDS,PRVA,PRVA
344,EG,ILMN,MTX,MTX
345,BRO,LVS,CRNX,CRNX
346,HOLX,TYL,JBLU,JBLU
347,FDS,FSLR,BEAM,BEAM
348,ILMN,WAT,PZZA,PZZA
349,LVS,CMS,FULT,FULT
350,TYL,ATO,SKYW,SKYW
351,FSLR,COO,TWST,TWST
352,WAT,HBAN,ENV,ENV
353,CMS,VLTO,AROC,AROC
354,ATO,NTRS,AIR,AIR
355,COO,PFG,MGEE,MGEE
356,HBAN,MKC,PFSI,PFSI
357,VLTO,RF,CVBF,CVBF
358,NTRS,BG,BLMN,BLMN
359,PFG,J,RDNT,RDNT
360,MKC,AXON,VCEL,VCEL
361,RF,HUBB,AUB,AUB
362,BG,OMC,CALM,CALM
363,J,CINF,BOH,BOH
364,AXON,LUV,CARG,CARG
365,HUBB,CCL,BE,BE
366,OMC,AVY,ARRY,ARRY
367,CINF,ALGN,TBBK,TBBK
368,LUV,SWKS,PPBI,PPBI
369,CCL,JBHT,SHO,SHO
370,AVY,WDC,NHI,NHI
371,ALGN,TXT,CTRE,CTRE
372,SWKS,MRO,PARR,PARR
373,JBHT,PKG,SFNC,SFNC
374,WDC,STX,IOVA,IOVA
375,TXT,IEX,TRN,TRN
376,MRO,DGX,MLKN,MLKN
377,PKG,WRB,NUVL,NUVL
378,STX,LDOS,PD,PD
379,IEX,EPAM,CPK,CPK
380,DGX,SNA,STRA,STRA
381,WBA,ALB,CBU,CBU
382,WRB,CF,JJSF,JJSF
383,LDOS,MAA,HL,HL
384,EPAM,EQT,ALG,ALG
385,SNA,ENPH,PLUS,PLUS
386,ALB,LW,COUR,COUR
387,CF,TER,XRX,XRX
388,MAA,SWK,DNLI,DNLI
389,EQT,BBY,OSIS,OSIS
390,ENPH,ESS,DORM,DORM
391,LW,SYF,GVA,GVA
392,TER,AMCR,OII,OII
393,SWK,CE,EBC,EBC
394,BBY,MAS,ENR,ENR
395,ESS,POOL,FCPT,FCPT
396,SYF,DPZ,FIBK,FIBK
397,AMCR,K,VIAV,VIAV
398,CE,TSN,INDB,INDB
399,MAS,CFG,PLAY,PLAY
400,POOL,CAG,CRVL,CRVL
401,DPZ,PODD,INSW,INSW
402,K,UAL,THS,THS
403,TSN,LNT,ARDX,ARDX
404,CFG,L,AMPH,AMPH
405,CAG,IP,SBCF,SBCF
406,PODD,NDSN,MODG,MODG
407,UAL,HST,FRME,FRME
408,LNT,GEN,IRWD,IRWD
409,L,ZBRA,AMBA,AMBA
410,IP,KIM,ABR,ABR
411,NDSN,MOS,ROG,ROG
412,HST,LKQ,WGO,WGO
413,GEN,AES,CALX,CALX
414,ZBRA,IPG,BANF,BANF
415,KEY,LYV,SCL,SCL
416,KIM,EVRG,HNI,HNI
417,MOS,TRMB,VRNT,VRNT
418,LKQ,JKHY,PLAB,PLAB
419,AES,TAP,FFBC,FFBC
420,IPG,MGM,IMVT,IMVT
421,LYV,SJM,UE,UE
422,EVRG,RVTY,GOLF,GOLF
423,TRMB,VTRS,PRIM,PRIM
424,JKHY,APA,PSMT,PSMT
425,TAP,PNR,HURN,HURN
426,MGM,TFX,TOWN,TOWN
427,ROL,KMX,SLVM,SLVM
428,SJM,NI,PRCT,PRCT
429,RVTY,UDR,KMT,KMT
430,VTRS,CRL,UPST,UPST
431,APA,TECH,TGTX,TGTX
432,NRG,ETSY,MIR,MIR
433,PNR,INCY,GSHD,GSHD
434,GL,CZR,DRH,DRH
435,TFX,CPT,MBC,MBC
436,KMX,QRVO,EAT,EAT
437,WRK,ALLE,FSLY,FSLY
438,NI,MTCH,STEP,STEP
439,REG,HSIC,OUT,OUT
440,UDR,HRL,ATGE,ATGE
441,CRL,PAYC,CORT,CORT
442,FFIV,AAL,SXI,SXI
443,TECH,WYNN,EPC,EPC
444,EMN,BWA,CNS,CNS
445,ETSY,TPR,DK,DK
446,INCY,FMC,SJW,SJW
447,CZR,SEDG,WOR,WOR
448,CPT,FOX,CENTA,CENTA
449,CHRW,SMCI,RCKT,RCKT
450,AOS,ELF,UCTT,UCTT
451,QRVO,FIX,BKU,BKU
452,ALLE,MSTR,MYGN,MYGN
453,HII,ONTO,NEO,NEO
454,MTCH,SSD,TNC,TNC
455,JNPR,LNW,BANC,BANC
456,HSIC,PCVX,EQC,EQC
457,HRL,BRBR,RLJ,RLJ
458,PAYC,NXT,PEB,PEB
459,MKTX,FN,OPEN,OPEN
460,AIZ,APG,JOE,JOE
461,RHI,CYTK,SITM,SITM
462,BXP,AIT,ROAD,ROAD
463,UHS,WFRD,PLMR,PLMR
464,AAL,SPSC,AVDX,AVDX
465,NWSA,UFPI,SNEX,SNEX
466,PNW,ITCI,PTCT,PTCT
467,WYNN,CHRD,DAN,DAN
468,CPB,HQY,VCYT,VCYT
469,BWA,RHP,UPBD,UPBD
470,BBWI,MTDR,ACVA,ACVA
471,GNRC,SSB,TDS,TDS
472,PARA,ENSG,SIX,SIX
473,TPR,CMC,ANDE,ANDE
474,BEN,SIGI,HEES,HEES
475,CTLT,QLYS,CNK,CNK
476,FRT,RMBS,STR,STR
477,FMC,FLR,ODP,ODP
478,XRAY,ATI,B,B
479,NCLH,TMHC,ENVA,ENVA
480,IVZ,CHX,BATRK,BATRK
481,BIO,TENB,JOBY,JOBY
482,CMA,NOVT,TFIN,TFIN
483,WHR,MUR,IVT,IVT
484,HAS,ANF,WSBC,WSBC
485,VFC,MARA,VECO,VECO
486,ZION,AAON,IONQ,IONQ
487,DVA,PBF,AZZ,AZZ
488,RL,GTLS,NGVT,NGVT
489,SEE,BCC,TALO,TALO
490,ALK,MLI,EPAC,EPAC
491,MHK,PR,HLMN,HLMN
492,SEDG,MTH,AGM,AGM
493,FOX,ATKR,VSTO,VSTO
494,NWS,OPCH,PRKS,PRKS
495,,ESNT,RNST,RNST
496,,BECN,CLDX,CLDX
497,,CVNA,UPWK,UPWK
498,,DUOL,LZB,LZB
499,,WTS,CSGS,CSGS
500,,VRNS,VRTS,VRTS
501,,FTAI,LAUR,LAUR
502,,ALKS,IBTX,IBTX
503,,SFM,JELD,JELD
504,,BPMC,AGYS,AGYS
505,,NSIT,RXRX,RXRX
506,,TRNO,YOU,YOU
507,,CIVI,CAKE,CAKE
508,,CWST,JBGS,JBGS
509,,MMS,PRO,PRO
510,,IBP,PACB,PACB
511,,STNE,XPRO,XPRO
512,,EXLS,WAFD,WAFD
513,,ALTR,CMPR,CMPR
514,,ASO,LKFN,LKFN
515,,NE,VGR,VGR
516,,COOP,THRM,THRM
517,,ONB,CWK,CWK
518,,SPXC,SQSP,SQSP
519,,FSS,BRP,BRP
520,,ALTM,LUMN,LUMN
521,,KRG,OFG,OFG
522,,SIG,EYE,EYE
523,,SUM,ROIC,ROIC
524,,ZWS,GNL,GNL
525,,UBSI,TROX,TROX
526,,MTSI,CXW,CXW
527,,WK,DFIN,DFIN
528,,ASGN,TTMI,TTMI
529,,HALO,SDGR,SDGR
530,,SM,KAR,KAR
531,,CBT,ENVX,ENVX
532,,APPF,TRMK,TRMK
533,,BCPC,PTGX,PTGX
534,,FELE,CBRL,CBRL
535,,BMI,AKR,AKR
536,,ABG,DVAX,DVAX
537,,ETRN,ARI,ARI
538,,GKOS,OMI,OMI
539,,SLAB,AMWD,AMWD
540,,HOMB,COHU,COHU
541,,GATX,ATRC,ATRC
542,,MMSI,STC,STC
543,,FCFS,ASAN,ASAN
544,,KBH,NBTB,NBTB
545,,BBIO,WKC,WKC
546,,AEL,JACK,JACK
547,,HLNE,SFL,SFL
548,,CADE,GEF,GEF
549,,AMR,VERA,VERA
550,,SKY,NTB,NTB
551,,SYNA,CUBI,CUBI
552,,GBCI,APPN,APPN
553,,HRI,PHR,PHR
554,,POWI,EFSC,EFSC
555,,MATX,EXTR,EXTR
556,,FUL,NVEE,NVEE
557,,RVMD,CODI,CODI
558,,POR,RC,RC
559,,CVLT,SATS,SATS
560,,FFIN,NMRK,NMRK
561,,PTEN,SNDX,SNDX
562,,MOD,MXL,MXL
563,,PECO,NTCT,NTCT
564,,COKE,RXST,RXST
565,,NJR,STAA,STAA
566,,AEO,BANR,BANR
567,,ACA,CNNE,CNNE
568,,ALIT,HLIT,HLIT
569,,INSM,CHCO,CHCO
570,,EXPO,GPOR,GPOR
571,,FOLD,OXM,OXM
572,,KNF,JAMF,JAMF
573,,LNTH,AGIO,AGIO
574,,KAI,NSSC,NSSC
575,,ACLS,HBI,HBI
576,,HWC,DDS,DDS
577,,AEIS,XHR,XHR
578,,VAL,SBH,SBH
579,,HP,NWBI,NWBI
580,,EPRT,HLIO,HLIO
581,,JXN,GBX,GBX
582,,MGY,KN,KN
583,,MDC,ADUS,ADUS
584,,BCO,MSGE,MSGE
585,,RDN,ATEC,ATEC
586,,CRC,DRS,DRS
587,,ENS,USPH,USPH
588,,NEOG,TRUP,TRUP
589,,MAC,KURA,KURA
590,,TEX,PRG,PRG
591,,TNET,HLX,HLX
592,,GPI,BMBL,BMBL
593,,SWX,KYMR,KYMR
594,,BOX,MORF,MORF
595,,OTTR,ZETA,ZETA
596,,VLY,POWL,POWL
597,,LANC,HTH,HTH
598,,SHAK,MGPI,MGPI
599,,GMS,GRBK,GRBK
600,,UMBF,SUPN,SUPN
601,,RPD,FBNC,FBNC
602,,HGV,LESL,LESL
603,,IRTC,NAVI,NAVI
604,,BDC,PWSC,PWSC
605,,HAE,UFPT,UFPT
606,,ORA,HTLF,HTLF
607,,WIRE,LOB,LOB
608,,PCH,SYBT,SYBT
609,,WDFC,FBK,FBK
610,,AVNT,CPRX,CPRX
611,,APLE,LNN,LNN
612,,BXMT,CTS,CTS
613,,ITRI,GEO,GEO
614,,IRT,RKLB,RKLB
615,,BKH,CXM,CXM
616,,KTB,DEI,DEI
617,,ESGR,HMN,HMN
618,,CSWI,FCF,FCF
619,,ACIW,UTZ,UTZ
620,,PBH,SAGE,SAGE
621,,NPO,PCRX,PCRX
622,,EVH,ALEX,ALEX
623,,ALE,HWKN,HWKN
624,,TPH,GIII,GIII
625,,SANM,KFRC,KFRC
626,,AMKR,ADEA,ADEA
627,,GT,NWN,NWN
628,,MC,ESRT,ESRT
629,,ARWR,MGNI,MGNI
630,,ARCB,KROS,KROS
631,,BL,CASH,CASH
632,,SFBS,ELME,ELME
633,,LBRT,GTY,GTY
634,,OGS,PAYO,PAYO
635,,ALRM,CAL,CAL
636,,VC,INBX,INBX
637,,AXNX,APOG,APOG
638,,HI,LTC,LTC
639,,PIPR,SVC,SVC
640,,MHO,LGND,LGND
641,,NSP,OEC,OEC
642,,FRSH,ALGT,ALGT
643,,BHVN,PAR,PAR
644,,DY,BUSE,BUSE
645,,STNG,DNOW,DNOW
646,,CCOI,ICHR,ICHR
647,,REZI,OMCL,OMCL
648,,CBZ,SMTC,SMTC
649,,DBRG,LZ,LZ
650,,AXSM,STEL,STEL
651,,JBT,MCY,MCY
652,,ITGR,SCS,SCS
653,,ADNT,CARS,CARS
654,,AVAV,NOVA,NOVA
655,,MDGL,KAMN,KAMN
656,,SMPL,OSW,OSW
657,,SHOO,LADR,LADR
658,,PGNY,UNIT,UNIT
659,,FORM,WLY,WLY
660,,CVCO,JBI,JBI
661,,SBRA,VRE,VRE
662,,TDW,HOPE,HOPE
663,,SWTX,XPEL,XPEL
664,,CRS,WRBY,WRBY
665,,KFY,SAFT,SAFT
666,,ABCB,XNCR,XNCR
667,,NARI,DO,DO
668,,PNM,KW,KW
669,,BLKB,NNI,NNI
670,,BRZE,CHEF,CHEF
671,,RIOT,HIMS,HIMS
672,,ZD,UVV,UVV
673,,VRRM,CMCO,CMCO
674,,CNO,ECPG,ECPG
675,,IOSP,WNC,WNC
676,,SR,TWO,TWO
677,,MGRC,PMT,PMT
678,,MQ,BKE,BKE
679,,DIOD,PRTA,PRTA
680,,CNX,LPG,LPG
681,,SPT,SG,SG
682,,WD,BYON,BYON
683,,NWE,LMAT,LMAT
684,,AX,AVPT,AVPT
685,,ASB,STBA,STBA
686,,PSN,FLNC,FLNC
687,,VKTX,SSTK,SSTK
688,,IDCC,NBHC,NBHC
689,,ACAD,NTST,NTST
690,,LCII,INTA,INTA
691,,HCC,WABC,WABC
692,,UCBI,BKD,BKD
693,,BNL,TCBK,TCBK
694,,CERE,DEA,DEA
695,,ARCH,FIZZ,FIZZ
696,,WHD,ZUO,ZUO
697,,NOG,IMKTA,IMKTA
698,,TGNA,MRTN,MRTN
699,,AMN,COLL,COLL
700,,HELE,PRDO,PRDO
701,,YELP,EVBG,EVBG
702,,RUSHA,ADMA,ADMA
703,,AIN,HRMY,HRMY
704,,SLG,SABR,SABR
705,,FOXF,XMTR,XMTR
706,,OSCR,NX,NX
707,,HUBG,INDI,INDI
708,,DOOR,NWLI,NWLI
709,,GFF,FDMT,FDMT
710,,VSH,DNUT,DNUT
711,,ICFI,MFA,MFA
712,,IGT,PFS,PFS
713,,TCBI,COMP,COMP
714,,RRR,CWH,CWH
715,,IBOC,AIV,AIV
716,,TMDX,SAFE,SAFE
717,,BTU,AAT,AAT
718,,MTRN,AKRO,AKRO
719,,SKT,WINA,WINA
720,,SHLS,BHE,BHE
721,,AWR,SPHR,SPHR
722,,KWR,NIC,NIC
723,,CDP,PEBO,PEBO
724,,DOC,SCHL,SCHL
725,,EVTC,FBRT,FBRT
726,,KLIC,VTLE,VTLE
727,,SXT,DGII,DGII
728,,SITC,GERN,GERN
729,,IDYA,SASR,SASR
730,,SEM,ALKT,ALKT
731,,ABM,CTKB,CTKB
732,,IPAR,PDFS,PDFS
733,,GHC,FWRD,FWRD
734,,HASI,DYN,DYN
735,,KOS,BCRX,BCRX
736,,CWT,SCSC,SCSC
737,,LIVN,MGNX,MGNX
738,,APAM,CVI,CVI
739,,FBP,AUR,AUR
740,,BOOT,MODN,MODN
741,,WSFS,KOP,KOP
742,,LGIH,EIG,EIG
743,,AVA,TRS,TRS
744,,UNF,WMK,WMK
745,,ROCK,KALU,KALU
746,,URBN,INFN,INFN
747,,FTDR,AMSF,AMSF
748,,PLXS,QCRH,QCRH
749,,OI,SGH,SGH
750,,KTOS,CHGG,CHGG
751,,PAGS,VCTR,VCTR
752,,CATY,BXC,BXC
753,,LXP,MBUU,MBUU
754,,ESE,MNRO,MNRO
755,,SGRY,GABC,GABC
756,,MYRG,CIM,CIM
757,,WERN,BFH,BFH
758,,CLSK,RYI,RYI
759,,DOCN,MRC,MRC
760,,IIPR,VICR,VICR
761,,BGC,SP,SP
762,,RYTM,WT,WT
763,,CRDO,VBTX,VBTX
764,,CCS,RNA,RNA
765,,PJT,WS,WS
766,,CNMD,ZIP,ZIP
767,,ARVN,BASE,BASE
768,,GNW,LC,LC
769,,LRN,PLYM,PLYM
770,,STRL,MMI,MMI
771,,FL,TGI,TGI
772,,QTWO,RLAY,RLAY
773,,NTLA,AMPL,AMPL
774,,RXO,SAVA,SAVA
775,,MWA,HPP,HPP
776,,GH,AXL,AXL
777,,PI,PRLB,PRLB
778,,PDCO,UNFI,UNFI
779,,NMIH,DAWN,DAWN
780,,SONO,MSEX,MSEX
781,,RELY,MEG,MEG
782,,CEIX,ALPN,ALPN
783,,PRFT,SHEN,SHEN
784,,PATK,PLRX,PLRX
785,,AI,OBK,OBK
786,,PRGS,HCSG,HCSG
787,,KRYS,PRAA,PRAA
788,,FLYW,ACMR,ACMR
789,,RAMP,MDXG,MDXG
790,,ACLX,MNKD,MNKD
791,,PRVA,CMTG,CMTG
792,,MTX,UDMY,UDMY
793,,CRNX,SXC,SXC
794,,JBLU,INVA,INVA
795,,BEAM,VSEC,VSEC
796,,PZZA,NABL,NABL
797,,FULT,EFC,EFC
798,,SKYW,ATEN,ATEN
799,,TWST,LMND,LMND
800,,ENV,THR,THR
801,,AROC,MCRI,MCRI
802,,AIR,SBSI,SBSI
803,,MGEE,FA,FA
804,,PFSI,QTRX,QTRX
805,,CVBF,EVRI,EVRI
806,,BLMN,JBSS,JBSS
807,,RDNT,LILAK,LILAK
808,,VCEL,SRCE,SRCE
809,,AUB,ACT,ACT
810,,CALM,DLX,DLX
811,,BOH,HIBB,HIBB
812,,CARG,BRSP,BRSP
813,,BE,AVNS,AVNS
814,,ARRY,MDRX,MDRX
815,,TBBK,EXPI,EXPI
816,,PPBI,ECVT,ECVT
817,,SHO,ERII,ERII
818,,NHI,CDE,CDE
819,,CTRE,OCFC,OCFC
820,,PARR,TARS,TARS
821,,SFNC,ASPN,ASPN
822,,IOVA,ARR,ARR
823,,TRN,ARCT,ARCT
824,,MLKN,BZH,BZH
825,,NUVL,ACCD,ACCD
826,,PD,TRNS,TRNS
827,,CPK,PGRE,PGRE
828,,STRA,BHLB,BHLB
829,,CBU,LBAI,LBAI
830,,JJSF,RCUS,RCUS
831,,HL,SPNT,SPNT
832,,ALG,CSR,CSR
833,,PLUS,SRRK,SRRK
834,,COUR,VIR,VIR
835,,XRX,HAIN,HAIN
836,,DNLI,PDM,PDM
837,,OSIS,UMH,UMH
838,,DORM,NAT,NAT
839,,GVA,RDFN,RDFN
840,,OII,MATW,MATW
841,,EBC,BFC,BFC
842,,ENR,BRKL,BRKL
843,,FCPT,CRGY,CRGY
844,,FIBK,EMBC,EMBC
845,,VIAV,BLBD,BLBD
846,,INDB,GRC,GRC
847,,PLAY,DCPH,DCPH
848,,CRVL,TTGT,TTGT
849,,INSW,FG,FG
850,,THS,PRM,PRM
851,,ARDX,SKWD,SKWD
852,,AMPH,SMP,SMP
853,,SBCF,LPRO,LPRO
854,,MODG,ARLO,ARLO
855,,FRME,FBMS,FBMS
856,,IRWD,ACHR,ACHR
857,,AMBA,SIBN,SIBN
858,,ABR,FDP,FDP
859,,ROG,ATSG,ATSG
860,,WGO,IESC,IESC
861,,CALX,VRDN,VRDN
862,,BANF,HOV,HOV
863,,SCL,CNOB,CNOB
864,,HNI,ASTE,ASTE
865,,VRNT,ANIP,ANIP
866,,PLAB,QNST,QNST
867,,FFBC,FIGS,FIGS
868,,IMVT,CABA,CABA
869,,UE,BJRI,BJRI
870,,GOLF,CNXN,CNXN
871,,PRIM,HOUS,HOUS
872,,PSMT,AUPH,AUPH
873,,HURN,CFFN,CFFN
874,,TOWN,AHH,AHH
875,,SLVM,SLCA,SLCA
876,,PRCT,DFH,DFH
877,,KMT,HY,HY
878,,UPST,GDYN,GDYN
879,,TGTX,SANA,SANA
880,,MIR,GPRE,GPRE
881,,GSHD,HLF,HLF
882,,DRH,PFC,PFC
883,,MBC,IAS,IAS
884,,EAT,EYPT,EYPT
885,,FSLY,SAH,SAH
886,,STEP,AMLX,AMLX
887,,OUT,TILE,TILE
888,,ATGE,PUMP,PUMP
889,,CORT,GDEN,GDEN
890,,SXI,AMRC,AMRC
891,,EPC,UTL,UTL
892,,CNS,BELFB,BELFB
893,,DK,MD,MD
894,,SJW,BBSI,BBSI
895,,WOR,EWTX,EWTX
896,,CENTA,CRAI,CRAI
897,,RCKT,CMP,CMP
898,,UCTT,AMBC,AMBC
899,,BKU,FMBH,FMBH
900,,MYGN,RWT,RWT
901,,NEO,GTN,GTN
902,,TNC,DDD,DDD
903,,BANC,RAPT,RAPT
904,,EQC,CHCT,CHCT
905,,RLJ,RGR,RGR
906,,PEB,NUS,NUS
907,,OPEN,TWI,TWI
908,,JOE,NBR,NBR
909,,SITM,MEI,MEI
910,,ROAD,RGNX,RGNX
911,,PLMR,DHC,DHC
912,,AVDX,MBIN,MBIN
913,,SNEX,ASIX,ASIX
914,,PTCT,BSIG,BSIG
915,,DAN,SPTN,SPTN
916,,VCYT,RPAY,RPAY
917,,UPBD,CCRN,CCRN
918,,ACVA,ZNTL,ZNTL
919,,TDS,APGE,APGE
920,,SIX,NVTS,NVTS
921,,ANDE,LFST,LFST
922,,HEES,LAZR,LAZR
923,,CNK,KELYA,KELYA
924,,STR,AMK,AMK
925,,ODP,VZIO,VZIO
926,,B,WWW,WWW
927,,ENVA,COGT,COGT
928,,BATRK,CTBI,CTBI
929,,JOBY,AHCO,AHCO
930,,TFIN,ETD,ETD
931,,IVT,ZEUS,ZEUS
932,,WSBC,SAVE,SAVE
933,,VECO,MYE,MYE
934,,IONQ,AMRX,AMRX
935,,AZZ,NXRT,NXRT
936,,NGVT,HA,HA
937,,TALO,HAYN,HAYN
938,,EPAC,ETWO,ETWO
939,,HLMN,BDN,BDN
940,,AGM,BGS,BGS
941,,VSTO,INN,INN
942,,RNST,DRQ,DRQ
943,,CLDX,RVLV,RVLV
944,,UPWK,EB,EB
945,,LZB,TMCI,TMCI
946,,CSGS,AORT,AORT
947,,VRTS,CCO,CCO
948,,LAUR,DIN,DIN
949,,IBTX,PUBM,PUBM
950,,JELD,EGBN,EGBN
951,,AGYS,CYRX,CYRX
952,,RXRX,MIRM,MIRM
953,,YOU,VERV,VERV
954,,CAKE,NYMT,NYMT
955,,JBGS,LQDA,LQDA
956,,PRO,DCO,DCO
957,,PACB,DCOM,DCOM
958,,XPRO,VVI,VVI
959,,WAFD,THRY,THRY
960,,CMPR,CRK,CRK
961,,LKFN,CLB,CLB
962,,VGR,MATV,MATV
963,,THRM,CASS,CASS
964,,CWK,NVRI,NVRI
965,,SQSP,GNK,GNK
966,,BRP,DX,DX
967,,LUMN,GES,GES
968,,OFG,REX,REX
969,,EYE,HZO,HZO
970,,ROIC,YEXT,YEXT
971,,GNL,IMXI,IMXI
972,,TROX,EDIT,EDIT
973,,CXW,IIIN,IIIN
974,,DFIN,MBWM,MBWM
975,,TTMI,SILK,SILK
976,,SDGR,CDRE,CDRE
977,,KAR,SWI,SWI
978,,ENVX,UVSP,UVSP
979,,TRMK,VREX,VREX
980,,PTGX,CFB,CFB
981,,CBRL,PCT,PCT
982,,AKR,EU,EU
983,,DVAX,HSTM,HSTM
984,,ARI,CRNC,CRNC
985,,OMI,IMAX,IMAX
986,,AMWD,SLP,SLP
987,,COHU,ARKO,ARKO
988,,ATRC,CNDT,CNDT
989,,STC,GOGO,GOGO
990,,ASAN,LASR,LASR
991,,NBTB,MODV,MODV
992,,WKC,OSBC,OSBC
993,,JACK,ARQT,ARQT
994,,SFL,HCI,HCI
995,,GEF,RDUS,RDUS
996,,VERA,VTOL,VTOL
997,,NTB,FNA,FNA
998,,CUBI,MTTR,MTTR
999,,APPN,PRA,PRA
1000,,PHR,AMTB,AMTB
1001,,EFSC,WTTR,WTTR
1002,,EXTR,FCEL,FCEL
1003,,NVEE,HDSN,HDSN
1004,,CODI,TVTX,TVTX
1005,,RC,OLO,OLO
1006,,SATS,BLFS,BLFS
1007,,NMRK,SPCE,SPCE
1008,,SNDX,ETNB,ETNB
1009,,MXL,IBRX,IBRX
1010,,NTCT,KNSA,KNSA
1011,,RXST,CBL,CBL
1012,,STAA,PTLO,PTLO
1013,,BANR,FCBC,FCBC
1014,,CNNE,GLDD,GLDD
1015,,HLIT,ZYME,ZYME
1016,,CHCO,HBNC,HBNC
1017,,GPOR,COCO,COCO
1018,,OXM,FUBO,FUBO
1019,,JAMF,RES,RES
1020,,AGIO,CECO,CECO
1021,,NSSC,WSR,WSR
1022,,HBI,CSTL,CSTL
1023,,DDS,SWBI,SWBI
1024,,XHR,GMRE,GMRE
1025,,SBH,NVRO,NVRO
1026,,NWBI,PTVE,PTVE
1027,,HLIO,EVLV,EVLV
1028,,GBX,FATE,FATE
1029,,KN,MSBI,MSBI
1030,,,PFBC,PFBC
1031,,,HSII,HSII
1032,,,KRUS,KRUS
1033,,,FOR,FOR
1034,,,KNTK,KNTK
1035,,,ACCO,ACCO
1036,,,CHUY,CHUY
1037,,,BIGC,BIGC
1038,,,BY,BY
1039,,,YMAB,YMAB
1040,,,HFWA,HFWA
1041,,,LTH,LTH
1042,,,HTLD,HTLD
1043,,,HCKT,HCKT
1044,,,IRON,IRON
1045,,,REVG,REVG
1046,,,CENX,CENX
1047,,,SNCY,SNCY
1048,,,PWP,PWP
1049,,,AGX,AGX
1050,,,GIC,GIC
1051,,,PLOW,PLOW
1052,,,FMNB,FMNB
1053,,,WRLD,WRLD
1054,,,NRDS,NRDS
1055,,,HCAT,HCAT
1056,,,USNA,USNA
1057,,,SBOW,SBOW
1058,,,CEVA,CEVA
1059,,,DMRC,DMRC
1060,,,EGLE,EGLE
1061,,,CRBU,CRBU
1062,,,CATC,CATC
1063,,,LWLG,LWLG
1064,,,STGW,STGW
1065,,,KREF,KREF
1066,,,SCVL,SCVL
1067,,,EQBK,EQBK
1068,,,ALHC,ALHC
1069,,,BFST,BFST
1070,,,EOLS,EOLS
1071,,,WASH,WASH
1072,,,TITN,TITN
1073,,,PKST,PKST
1074,,,VMEO,VMEO
1075,,,CLW,CLW
1076,,,SMRT,SMRT
1077,,,VTS,VTS
1078,,,HTBK,HTBK
1079,,,MED,MED
1080,,,OCUL,OCUL
1081,,,UFCS,UFCS
1082,,,UIS,UIS
1083,,,CLBK,CLBK
1084,,,UHT,UHT
1085,,,IDT,IDT
1086,,,NRC,NRC
1087,,,AMRK,AMRK
1088,,,LUNG,LUNG
1089,,,MITK,MITK
1090,,,CAC,CAC
1091,,,MLAB,MLAB
1092,,,CLNE,CLNE
1093,,,HVT,HVT
1094,,,ZIMV,ZIMV
1095,,,GSBC,GSBC
1096,,,AOSL,AOSL
1097,,,SMMT,SMMT
1098,,,CRSR,CRSR
1099,,,THFF,THFF
1100,,,TNGX,TNGX
1101,,,FLGT,FLGT
1102,,,EWCZ,EWCZ
1103,,,SOUN,SOUN
1104,,,CLDT,CLDT
1105,,,CYH,CYH
1106,,,GOOD,GOOD
1107,,,SBGI,SBGI
1108,,,PETQ,PETQ
1109,,,MLNK,MLNK
1110,,,ACEL,ACEL
1111,,,MPLN,MPLN
1112,,,TK,TK
1113,,,EBF,EBF
1114,,,BRY,BRY
1115,,,MTW,MTW
1116,,,ADTN,ADTN
1117,,,RICK,RICK
1118,,,OABI,OABI
1119,,,MRNS,MRNS
1120,,,FWRG,FWRG
1121,,,USLM,USLM
1122,,,FPI,FPI
1123,,,ATRO,ATRO
1124,,,AVO,AVO
1125,,,MCBS,MCBS
1126,,,TTI,TTI
1127,,,URGN,URGN
1128,,,SVV,SVV
1129,,,KE,KE
1130,,,ALX,ALX
1131,,,CVGW,CVGW
1132,,,OFIX,OFIX
1133,,,XPER,XPER
1134,,,IBCP,IBCP
1135,,,AEHR,AEHR
1136,,,DHIL,DHIL
1137,,,OSUR,OSUR
1138,,,CCNE,CCNE
1139,,,MCB,MCB
1140,,,SRI,SRI
1141,,,RBCAA,RBCAA
1142,,,AMAL,AMAL
1143,,,DH,DH
1144,,,RVNC,RVNC
1145,,,PBI,PBI
1146,,,BATRA,BATRA
1147,,,DXPE,DXPE
1148,,,TRST,TRST
1149,,,PGC,PGC
1150,,,STEM,STEM
1151,,,NR,NR
1152,,,CDMO,CDMO
1153,,,ATRI,ATRI
1154,,,CCB,CCB
1155,,,EHAB,EHAB
1156,,,ACRE,ACRE
1157,,,ATXS,ATXS
1158,,,ALT,ALT
1159,,,IIIV,IIIV
1160,,,HONE,HONE
1161,,,RUSHB,RUSHB
1162,,,EGY,EGY
1163,,,MLR,MLR
1164,,,NRIX,NRIX
1165,,,PSFE,PSFE
1166,,,DENN,DENN
1167,,,YORW,YORW
1168,,,BFS,BFS
1169,,,COMM,COMM
1170,,,ATEX,ATEX
1171,,,KIDS,KIDS
1172,,,VITL,VITL
1173,,,CWCO,CWCO
1174,,,ALLO,ALLO
1175,,,ALRS,ALRS
1176,,,UTI,UTI
1177,,,NKLA,NKLA
1178,,,PNTG,PNTG
1179,,,CVLG,CVLG
1180,,,INST,INST
1181,,,FC,FC
1182,,,ALXO,ALXO
1183,,,MOV,MOV
1184,,,VVX,VVX
1185,,,ADPT,ADPT
1186,,,NTGR,NTGR
1187,,,HTBI,HTBI
1188,,,CGEM,CGEM
1189,,,SVRA,SVRA
1190,,,MVIS,MVIS
1191,,,KALV,KALV
1192,,,RCEL,RCEL
1193,,,AMCX,AMCX
1194,,,SRDX,SRDX
1195,,,AMPS,AMPS
1196,,,CDNA,CDNA
1197,,,SMBC,SMBC
1198,,,KRNY,KRNY
1199,,,WEAV,WEAV
1200,,,TBPH,TBPH
1201,,,NFBK,NFBK
1202,,,ORIC,ORIC
1203,,,RGP,RGP
1204,,,LAND,LAND
1205,,,FARO,FARO
1206,,,LXU,LXU
1207,,,UVE,UVE
1208,,,BYND,BYND
1209,,,TTEC,TTEC
1210,,,CPF,CPF
1211,,,ANAB,ANAB
1212,,,MNTK,MNTK
1213,,,MRSN,MRSN
1214,,,DJCO,DJCO
1215,,,ORC,ORC
1216,,,VPG,VPG
1217,,,FFWM,FFWM
1218,,,FIP,FIP
1219,,,OSPN,OSPN
1220,,,AXGN,AXGN
1221,,,LMB,LMB
1222,,,MOFG,MOFG
1223,,,HAFC,HAFC
1224,,,XERS,XERS
1225,,,AVXL,AVXL
1226,,,MXCT,MXCT
1227,,,OPK,OPK
1228,,,CERS,CERS
1229,,,CENT,CENT
1230,,,DBI,DBI
1231,,,SHYF,SHYF
1232,,,STER,STER
1233,,,TWKS,TWKS
1234,,,TIPT,TIPT
1235,,,ALEC,ALEC
1236,,,CCBG,CCBG
1237,,,CTLP,CTLP
1238,,,FFIC,FFIC
1239,,,CLFD,CLFD
1240,,,NVAX,NVAX
1241,,,APLD,APLD
1242,,,ATNI,ATNI
1243,,,TBI,TBI
1244,,,AROW,AROW
1245,,,PL,PL
1246,,,TPC,TPC
1247,,,BHRB,BHRB
1248,,,NEXT,NEXT
1249,,,RMR,RMR
1250,,,ELVN,ELVN
1251,,,IVR,IVR
1252,,,SMBK,SMBK
1253,,,LYTS,LYTS
1254,,,NPK,NPK
1255,,,TREE,TREE
1256,,,SEMR,SEMR
1257,,,FRPH,FRPH
1258,,,TRTX,TRTX
1259,,,NVEC,NVEC
1260,,,OLMA,OLMA
1261,,,SHBI,SHBI
1262,,,CCSI,CCSI
1263,,,NAPA,NAPA
1264,,,SSP,SSP
1265,,,AVNW,AVNW
1266,,,OIS,OIS
1267,,,TPB,TPB
1268,,,SPWR,SPWR
1269,,,CRMT,CRMT
1270,,,LQDT,LQDT
1271,,,CTOS,CTOS
1272,,,HLVX,HLVX
1273,,,NBN,NBN
1274,,,KGS,KGS
1275,,,RSI,RSI
1276,,,GDOT,GDOT
1277,,,WULF,WULF
1278,,,ATMU,ATMU
1279,,,ALNT,ALNT
1280,,,BOC,BOC
1281,,,REPL,REPL
1282,,,CTO,CTO
1283,,,BWMN,BWMN
1284,,,BOOM,BOOM
1285,,,MAX,MAX
1286,,,GNE,GNE
1287,,,PX,PX
1288,,,MCFT,MCFT
1289,,,DOMO,DOMO
1290,,,RILY,RILY
1291,,,GCO,GCO
1292,,,SPFI,SPFI
1293,,,BV,BV
1294,,,AMSWA,AMSWA
1295,,,ANIK,ANIK
1296,,,AAN,AAN
1297,,,RBB,RBB
1298,,,CARE,CARE
1299,,,SMMF,SMMF
1300,,,ACNB,ACNB
1301,,,OSG,OSG
1302,,,TCMD,TCMD
1303,,,ESQ,ESQ
1304,,,MPB,MPB
1305,,,SHCR,SHCR
1306,,,AGS,AGS
1307,,,GCMG,GCMG
1308,,,ADV,ADV
1309,,,SFIX,SFIX
1310,,,TRUE,TRUE
1311,,,MCS,MCS
1312,,,OLP,OLP
1313,,,GCI,GCI
1314,,,ABUS,ABUS
1315,,,LOVE,LOVE
1316,,,APPS,APPS
1317,,,TAST,TAST
1318,,,BAND,BAND
1319,,,CSV,CSV
1320,,,BMEA,BMEA
1321,,,EVER,EVER
1322,,,DSKE,DSKE
1323,,,IRBT,IRBT
1324,,,GRND,GRND
1325,,,EGHT,EGHT
1326,,,LXRX,LXRX
1327,,,ENFN,ENFN
1328,,,WTBA,WTBA
1329,,,JRVR,JRVR
1330,,,PFIS,PFIS
1331,,,MBI,MBI
1332,,,LYEL,LYEL
1333,,,ORRF,ORRF
1334,,,ODC,ODC
1335,,,NKTX,NKTX
1336,,,FSBC,FSBC
1337,,,IRMD,IRMD
1338,,,CNSL,CNSL
1339,,,PLPC,PLPC
1340,,,FBIZ,FBIZ
1341,,,HROW,HROW
1342,,,LRMR,LRMR
1343,,,LIND,LIND
1344,,,CPS,CPS
1345,,,BALY,BALY
1346,,,BMRC,BMRC
1347,,,PLCE,PLCE
1348,,,TRC,TRC
1349,,,AVIR,AVIR
1350,,,FRBA,FRBA
1351,,,AMWL,AMWL
1352,,,GPRO,GPRO
1353,,,TERN,TERN
1354,,,LMNR,LMNR
1355,,,CZNC,CZNC
1356,,,ARTNA,ARTNA
1357,,,FISI,FISI
1358,,,PBPB,PBPB
1359,,,LBPH,LBPH
1360,,,PRME,PRME
1361,,,FRST,FRST
1362,,,TRDA,TRDA
1363,,,HBT,HBT
1364,,,DSGR,DSGR
1365,,,FMAO,FMAO
1366,,,AVD,AVD
1367,,,TSVT,TSVT
1368,,,SD,SD
1369,,,NRIM,NRIM
1370,,,RBBN,RBBN
1371,,,GLRE,GLRE
1372,,,RYAM,RYAM
1373,,,SFST,SFST
1374,,,AESI,AESI
1375,,,HIFS,HIFS
1376,,,HBCP,HBCP
1377,,,BSRR,BSRR
1378,,,ONEW,ONEW
1379,,,NEWT,NEWT
1380,,,MCBC,MCBC
1381,,,ULCC,ULCC
1382,,,FLIC,FLIC
1383,,,ZUMZ,ZUMZ
1384,,,HRTX,HRTX
1385,,,WTI,WTI
1386,,,WEST,WEST
1387,,,DCGO,DCGO
1388,,,EBTC,EBTC
1389,,,PANL,PANL
1390,,,DAKT,DAKT
1391,,,ONL,ONL
1392,,,TH,TH
1393,,,OMER,OMER
1394,,,GNTY,GNTY
1395,,,MVBF,MVBF
1396,,,BBW,BBW
1397,,,SPOK,SPOK
1398,,,BWB,BWB
1399,,,CHRS,CHRS
1400,,,ENTA,ENTA
1401,,,ARIS,ARIS
1402,,,PAHC,PAHC
1403,,,WSBF,WSBF
1404,,,EAF,EAF
1405,,,CIVB,CIVB
1406,,,FNLC,FNLC
1407,,,HUMA,HUMA
1408,,,STRO,STRO
1409,,,EVGO,EVGO
1410,,,IHRT,IHRT
1411,,,SLDP,SLDP
1412,,,VMD,VMD
1413,,,HLLY,HLLY
1414,,,HOFT,HOFT
1415,,,WALD,WALD
1416,,,ASTS,ASTS
1417,,,MLYS,MLYS
1418,,,ALTG,ALTG
1419,,,NWPX,NWPX
1420,,,KIND,KIND
1421,,,PKE,PKE
1422,,,FNKO,FNKO
1423,,,WLDN,WLDN
1424,,,ONTF,ONTF
1425,,,BCML,BCML
1426,,,ORGO,ORGO
1427,,,ITOS,ITOS
1428,,,TCBX,TCBX
1429,,,SLQT,SLQT
1430,,,ARAY,ARAY
1431,,,XPOF,XPOF
1432,,,GPMT,GPMT
1433,,,INZY,INZY
1434,,,REFI,REFI
1435,,,SKIN,SKIN
1436,,,CELC,CELC
1437,,,RRBI,RRBI
1438,,,HMST,HMST
1439,,,TNYA,TNYA
1440,,,OPRX,OPRX
1441,,,CRCT,CRCT
1442,,,VNDA,VNDA
1443,,,FLWS,FLWS
1444,,,TYRA,TYRA
1445,,,JAKK,JAKK
1446,,,NUVB,NUVB
1447,,,LOCO,LOCO
1448,,,CVRX,CVRX
1449,,,NMRA,NMRA
1450,,,SNBR,SNBR
1451,,,AGEN,AGEN
1452,,,SENEA,SENEA
1453,,,PLL,PLL
1454,,,SMHI,SMHI
1455,,,PSTL,PSTL
1456,,,CDLX,CDLX
1457,,,ACIC,ACIC
1458,,,EE,EE
1459,,,FORR,FORR
1460,,,PSTX,PSTX
1461,,,BLFY,BLFY
1462,,,INGN,INGN
1463,,,CLMB,CLMB
1464,,,LSEA,LSEA
1465,,,WW,WW
1466,,,OBT,OBT
1467,,,FDBC,FDBC
1468,,,DGICA,DGICA
1469,,,AVTE,AVTE
1470,,,CBAN,CBAN
1471,,,ASLE,ASLE
1472,,,LUNA,LUNA
1473,,,SLRN,SLRN
1474,,,JOUT,JOUT
1475,,,ME,ME
1476,,,VYGR,VYGR
1477,,,OFLX,OFLX
1478,,,EVC,EVC
1479,,,IPI,IPI
1480,,,LILA,LILA
1481,,,SMLR,SMLR
1482,,,FSBW,FSBW
1483,,,SIGA,SIGA
1484,,,ZVRA,ZVRA
1485,,,GCBC,GCBC
1486,,,EVCM,EVCM
1487,,,OOMA,OOMA
1488,,,ANGO,ANGO
1489,,,SOI,SOI
1490,,,AURA,AURA
1491,,,JMSB,JMSB
1492,,,FRGE,FRGE
1493,,,AGTI,AGTI
1494,,,ANNX,ANNX
1495,,,CBNK,CBNK
1496,,,NATR,NATR
1497,,,UNTY,UNTY
1498,,,GEVO,GEVO
1499,,,HYLN,HYLN
1500,,,TSBK,TSBK
1501,,,ASUR,ASUR
1502,,,INOD,INOD
1503,,,CVLY,CVLY
1504,,,TCX,TCX
1505,,,BOWL,BOWL
1506,,,CDXS,CDXS
1507,,,POWW,POWW
1508,,,CVGI,CVGI
1509,,,DXLG,DXLG
1510,,,PHAT,PHAT
1511,,,LEGH,LEGH
1512,,,ULH,ULH
1513,,,WVE,WVE
1514,,,NN,NN
1515,,,LINC,LINC
1516,,,AMPY,AMPY
1517,,,RCKY,RCKY
1518,,,LXFR,LXFR
1519,,,LPSN,LPSN
1520,,,NXDT,NXDT
1521,,,BCBP,BCBP
1522,,,KRO,KRO
1523,,,PACK,PACK
1524,,,VLGEA,VLGEA
1525,,,NECB,NECB
1526,,,ZYXI,ZYXI
1527,,,NKSH,NKSH
1528,,,PKBK,PKBK
1529,,,PKOH,PKOH
1530,,,UTMD,UTMD
1531,,,BRT,BRT
1532,,,IMMR,IMMR
1533,,,PINE,PINE
1534,,,ALCO,ALCO
1535,,,OVID,OVID
1536,,,NWFL,NWFL
1537,,,PGEN,PGEN
1538,,,NRDY,NRDY
1539,,,CIO,CIO
1540,,,HEAR,HEAR
1541,,,TTSH,TTSH
1542,,,FVCB,FVCB
1543,,,PCB,PCB
1544,,,RIGL,RIGL
1545,,,ITI,ITI
1546,,,MGTX,MGTX
1547,,,KODK,KODK
1548,,,RMAX,RMAX
1549,,,PLBC,PLBC
1550,,,BBCP,BBCP
1551,,,CZFS,CZFS
1552,,,EHTH,EHTH
1553,,,FF,FF
1554,,,ITIC,ITIC
1555,,,INSE,INSE
1556,,,BLDE,BLDE
1557,,,THRD,THRD
1558,,,RM,RM
1559,,,MYPS,MYPS
1560,,,AFCG,AFCG
1561,,,MBCN,MBCN
1562,,,BWFG,BWFG
1563,,,VRA,VRA
1564,,,ACDC,ACDC
1565,,,OCN,OCN
1566,,,COFS,COFS
1567,,,MVST,MVST
1568,,,FGEN,FGEN
1569,,,OPI,OPI
1570,,,RDVT,RDVT
1571,,,LAW,LAW
1572,,,PCYO,PCYO
1573,,,CMTL,CMTL
1574,,,IGMS,IGMS
1575,,,TSE,TSE
1576,,,BLNK,BLNK
1577,,,HBIO,HBIO
1578,,,PFMT,PFMT
1579,,,GRTS,GRTS
1580,,,GBTG,GBTG
1581,,,CFFI,CFFI
1582,,,BKSY,BKSY
1583,,,WOW,WOW
1584,,,GRNT,GRNT
1585,,,HPK,HPK
1586,,,SES,SES
1587,,,SSTI,SSTI
1588,,,SKYT,SKYT
1589,,,FET,FET
1590,,,NRGV,NRGV
1591,,,SPRY,SPRY
1592,,,DOUG,DOUG
1593,,,ATLO,ATLO
1594,,,HRT,HRT
1595,,,WEYS,WEYS
1596,,,OM,OM
1597,,,SSBK,SSBK
1598,,,RRGB,RRGB
1599,,,PDLB,PDLB
1600,,,QSI,QSI
1601,,,LVWR,LVWR
1602,,,KOD,KOD
1603,,,CRMD,CRMD
1604,,,OVLY,OVLY
1605,,,CIFR,CIFR
1606,,,CHMG,CHMG
1607,,,QUAD,QUAD
1608,,,OB,OB
1609,,,RMNI,RMNI
1610,,,DM,DM
1611,,,ATLC,ATLC
1612,,,GLUE,GLUE
1613,,,ALDX,ALDX
1614,,,STHO,STHO
1615,,,WISH,WISH
1616,,,ISPR,ISPR
1617,,,BFLY,BFLY
1618,,,MASS,MASS
1619,,,CLAR,CLAR
1620,,,BHR,BHR
1621,,,CLPT,CLPT
1622,,,HNRG,HNRG
1623,,,JANX,JANX
1624,,,MG,MG
1625,,,KRT,KRT
1626,,,FLL,FLL
1627,,,NATH,NATH
1628,,,BPRN,BPRN
1629,,,ATOM,ATOM
1630,,,SCPH,SCPH
1631,,,III,III
1632,,,BRCC,BRCC
1633,,,TLYS,TLYS
1634,,,CMPX,CMPX
1635,,,VABK,VABK
1636,,,SMTI,SMTI
1637,,,TDUP,TDUP
1638,,,ESSA,ESSA
1639,,,GNLX,GNLX
1640,,,PEPG,PEPG
1641,,,LCNB,LCNB
1642,,,SGMO,SGMO
1643,,,SAMG,SAMG
1644,,,MACK,MACK
1645,,,SNPO,SNPO
1646,,,PDSB,PDSB
1647,,,PRTS,PRTS
1648,,,BARK,BARK
1649,,,JYNT,JYNT
1650,,,SMR,SMR
1651,,,MHLD,MHLD
1652,,,NAUT,NAUT
1653,,,VEL,VEL
1654,,,SEAT,SEAT
1655,,,XOMA,XOMA
1656,,,SPWH,SPWH
1657,,,PLSE,PLSE
1658,,,PWOD,PWOD
1659,,,IBEX,IBEX
1660,,,ERAS,ERAS
1661,,,STOK,STOK
1662,,,LE,LE
1663,,,HFFG,HFFG
1664,,,GWRS,GWRS
1665,,,ACTG,ACTG
1666,,,KPTI,KPTI
1667,,,RNGR,RNGR
1668,,,NGVC,NGVC
1669,,,IMRX,IMRX
1670,,,ESCA,ESCA
1671,,,RGCO,RGCO
1672,,,NC,NC
1673,,,BGFV,BGFV
1674,,,MEC,MEC
1675,,,TPIC,TPIC
1676,,,FHTX,FHTX
1677,,,WLFC,WLFC
1678,,,STRS,STRS
1679,,,MYFW,MYFW
1680,,,AOMR,AOMR
1681,,,RSVR,RSVR
1682,,,GRWG,GRWG
1683,,,NREF,NREF
1684,,,TG,TG
1685,,,PTSI,PTSI
1686,,,TGAN,TGAN
1687,,,MLP,MLP
1688,,,KLTR,KLTR
1689,,,RXT,RXT
1690,,,DSP,DSP
1691,,,PETS,PETS
1692,,,CATO,CATO
1693,,,BIG,BIG
1694,,,EGAN,EGAN
1695,,,AKYA,AKYA
1696,,,TSQ,TSQ
1697,,,USCB,USCB
1698,,,AVAH,AVAH
1699,,,HIPO,HIPO
1700,,,ALTI,ALTI
1701,,,FCCO,FCCO
1702,,,DHX,DHX
1703,,,KLXE,KLXE
1704,,,SWIM,SWIM
1705,,,VTYX,VTYX
1706,,,VRCA,VRCA
1707,,,NODK,NODK
1708,,,PBFS,PBFS
1709,,,XFOR,XFOR
1710,,,BLUE,BLUE
1711,,,VTNR,VTNR
1712,,,CDZI,CDZI
1713,,,TELA,TELA
1714,,,BCAB,BCAB
1715,,,MNSB,MNSB
1716,,,EOSE,EOSE
1717,,,SBT,SBT
1718,,,VOXX,VOXX
1719,,,BH,BH
1720,,,IPSC,IPSC
1721,,,INNV,INNV
1722,,,MCRB,MCRB
1723,,,MOND,MOND
1724,,,EVEX,EVEX
1725,,,RELL,RELL
1726,,,GLT,GLT
1727,,,NDLS,NDLS
1728,,,DNMR,DNMR
1729,,,CTXR,CTXR
1730,,,JILL,JILL
1731,,,SNFCA,SNFCA
1732,,,SCLX,SCLX
1733,,,VUZI,VUZI
1734,,,SEER,SEER
1735,,,BSVN,BSVN
1736,,,BIRD,BIRD
1737,,,OPTN,OPTN
1738,,,BCOV,BCOV
1739,,,ACRS,ACRS
1740,,,EXFY,EXFY
1741,,,PAYS,PAYS
1742,,,TRVI,TRVI
1743,,,KFS,KFS
1744,,,EBS,EBS
1745,,,GBIO,GBIO
1746,,,EEX,EEX
1747,,,IVAC,IVAC
1748,,,LLAP,LLAP
1749,,,OMGA,OMGA
1750,,,OBIO,OBIO
1751,,,ACET,ACET
1752,,,KVHI,KVHI
1753,,,SGHT,SGHT
1754,,,SKYX,SKYX
1755,,,PMTS,PMTS
1756,,,GWH,GWH
1757,,,AEVA,AEVA
1758,,,BW,BW
1759,,,PRPL,PRPL
1760,,,NOTE,NOTE
1761,,,MPX,MPX
1762,,,TUSK,TUSK
1763,,,STKS,STKS
1764,,,AIRS,AIRS
1765,,,ALLK,ALLK
1766,,,DSGN,DSGN
1767,,,MURA,MURA
1768,,,CUE,CUE
1769,,,CPSS,CPSS
1770,,,RNAC,RNAC
1771,,,COOK,COOK
1772,,,ASRT,ASRT
1773,,,SCWO,SCWO
1774,,,CMPO,CMPO
1775,,,VERI,VERI
1776,,,CNTY,CNTY
1777,,,LNZA,LNZA
1778,,,OTLK,OTLK
1779,,,ATRA,ATRA
1780,,,BTAI,BTAI
1781,,,BKKT,BKKT
1782,,,CLPR,CLPR
1783,,,VOR,VOR
1784,,,CCRD,CCRD
1785,,,BBAI,BBAI
1786,,,CURV,CURV
1787,,,NGM,NGM
1788,,,ORGN,ORGN
1789,,,DLTH,DLTH
1790,,,MKTW,MKTW
1791,,,KRMD,KRMD
1792,,,CARM,CARM
1793,,,HQI,HQI
1794,,,GOCO,GOCO
1795,,,SST,SST
1796,,,EGRX,EGRX
1797,,,BTMD,BTMD
1798,,,KZR,KZR
1799,,,PMVP,PMVP
1800,,,FEAM,FEAM
1801,,,ZURA,ZURA
1802,,,PROK,PROK
1803,,,DTC,DTC
1804,,,CMBM,CMBM
1805,,,METCB,METCB
1806,,,FOSL,FOSL
1807,,,XAIR,XAIR
1808,,,PNRG,PNRG
1809,,,RLYB,RLYB
1810,,,NVCT,NVCT
1811,,,CUTR,CUTR
1812,,,SKIL,SKIL
1813,,,SGMT,SGMT
1814,,,AKTS,AKTS
1815,,,EYEN,EYEN
1816,,,VIGL,VIGL
1817,,,WKHS,WKHS
1818,,,VATE,VATE
1819,,,FOA,FOA
1820,,,TCI,TCI
1821,,,NL,NL
1822,,,GORV,GORV
1823,,,PRLD,PRLD
1824,,,PIII,PIII
1825,,,BHIL,BHIL
1826,,,OPFI,OPFI
1827,,,IKNA,IKNA
1828,,,VHI,VHI
1829,,,VALU,VALU
1830,,,FTCI,FTCI
1831,,,ZVIA,ZVIA
1832,,,ALVR,ALVR
1833,,,DZSI,DZSI
1834,,,TWOU,TWOU
1835,,,ACRV,ACRV
1836,,,RPHM,RPHM
1837,,,PRTH,PRTH
1838,,,AADI,AADI
1839,,,UONEK,UONEK
1840,,,RDW,RDW
1841,,,UONE,UONE
1842,,,AMPX,AMPX
1843,,,CARA,CARA
1844,,,SWKH,SWKH
1845,,,ARL,ARL
1846,,,VLD,VLD
1847,,,VAXX,VAXX
1848,,,UHG,UHG
1849,,,RENT,RENT
1850,,,RBOT,RBOT
1851,,,VGAS,VGAS
1852,,,DFLI,DFLI
1853,,,CMAX,CMAX
1854,,,EVA,EVA
1855,,,BGXX,BGXX
1856,,,TSBX,TSBX
1857,,,PRST,PRST
1858,,,,AAPL
1859,,,,MSFT
1860,,,,AMZN
1861,,,,NVDA
1862,,,,GOOG
1863,,,,TSLA
1864,,,,META
1865,,,,BRK-B
1866,,,,XOM
1867,,,,LLY
1868,,,,UNH
1869,,,,JPM
1870,,,,V
1871,,,,JNJ
1872,,,,PG
1873,,,,AVGO
1874,,,,MA
1875,,,,HD
1876,,,,CVX
1877,,,,MRK
1878,,,,ABBV
1879,,,,ADBE
1880,,,,COST
1881,,,,PEP
1882,,,,CSCO
1883,,,,WMT
1884,,,,KO
1885,,,,CRM
1886,,,,ACN
1887,,,,TMO
1888,,,,MCD
1889,,,,NFLX
1890,,,,BAC
1891,,,,PFE
1892,,,,ORCL
1893,,,,LIN
1894,,,,CMCSA
1895,,,,ABT
1896,,,,AMD
1897,,,,DHR
1898,,,,INTC
1899,,,,INTU
1900,,,,WFC
1901,,,,TXN
1902,,,,COP
1903,,,,DIS
1904,,,,CAT
1905,,,,PM
1906,,,,VZ
1907,,,,LOW
1908,,,,T
1909,,,,BA
1910,,,,C
1911,,,,AMGN
1912,,,,MDT
1913,,,,MMM
1914,,,,IBM
1915,,,,UNP
1916,,,,PYPL
1917,,,,HON
1918,,,,NKE
1919,,,,MO
1920,,,,UPS
1921,,,,EMN
1922,,,,GL
1923,,,,ROL
1924,,,,JNPR
1925,,,,UHS
1926,,,,REG
1927,,,,NCLH
1928,,,,CPB
1929,,,,MKTX
1930,,,,AOS
1931,,,,PNW
1932,,,,FOXA
1933,,,,HII
1934,,,,KEY
1935,,,,NRG
1936,,,,GNRC
1937,,,,FFIV
1938,,,,RHI
1939,,,,XRAY
1940,,,,BBWI
1941,,,,WHR
1942,,,,BXP
1943,,,,BIO
1944,,,,CTLT
1945,,,,PARA
1946,,,,HAS
1947,,,,IVZ
1948,,,,BEN
1949,,,,NWSA
1950,,,,WRK
1951,,,,FRT
1952,,,,ALK
1953,,,,AIZ
1954,,,,DXC
1955,,,,SEE
1956,,,,VFC
1957,,,,CMA
1958,,,,DVA
1959,,,,MHK
1960,,,,RL
1961,,,,OGN
1962,,,,ZION
1963,,,,CHRW
1964,,,,AAP
1965,,,,LNC
1966,,,,NWL
1967,,,,NWS
1968,,,,FTRE
1969,,,,PHIN
1970,,,,CVS
1971,,,,BMY
1972,,,,GILD
1973,,,,NEE
1974,,,,BKNG
1975,,,,SBUX
1976,,,,CI
1977,,,,AMT
1978,,,,USB
1979,,,,QCOM
1980,,,,AXP
1981,,,,CME
1982,,,,GE
1983,,,,LMT
1984,,,,DUK
1985,,,,BIIB
1986,,,,BDX
1987,,,,MDLZ
1988,,,,CB
1989,,,,GS
1990,,,,ADP
1991,,,,TJX
1992,,,,WBA
1993,,,,PNC
1994,,,,ISRG
1995,,,,MS
1996,,,,EOG
1997,,,,SPG
1998,,,,CL
1999,,,,CHTR
2000,,,,SLB
2001,,,,CSX
2002,,,,SCHW
2003,,,,D
2004,,,,SYK
2005,,,,MAR
2006,,,,TT
2007,,,,EMR
2008,,,,NSC
2009,,,,CCI
2010,,,,HCA
2011,,,,WELL
2012,,,,ECL
2013,,,,PCAR
2014,,,,CTAS
2015,,,,ADSK
2016,,,,AZO
2017,,,,NEM
2018,,,,AIG
2019,,,,MCHP
2020,,,,SRE
2021,,,,WMB
2022,,,,DXCM
2023,,,,ROST
2024,,,,HLT
2025,,,,AFL
2026,,,,VLO
2027,,,,CARR
2028,,,,GM
2029,,,,TFC
2030,,,,CPRT
2031,,,,COF
2032,,,,NUE
2033,,,,SPG
2034,,,,PSA
2035,,,,DLR
2036,,,,KMB
2037,,,,MSCI
2038,,,,TRV
2039,,,,EW
2040,,,,F
2041,,,,TEL
2042,,,,AEP
2043,,,,MNST
2044,,,,CHTR
2045,,,,OKE
2046,,,,CNC
2047,,,,MET
2048,,,,ADM
2049,,,,IDXX
2050,,,,DHI
2051,,,,PAYX
2052,,,,IQV
2053,,,,OXY
2054,,,,STZ
2055,,,,HES
2056,,,,D
2057,,,,EXC
2058,,,,O
2059,,,,CEG
2060,,,,A
2061,,,,BK
2062,,,,GIS
2063,,,,LHX
2064,,,,SYY
2065,,,,DOW
2066,,,,JCI
2067,,,,AMP
2068,,,,PCG
2069,,,,ODFL
2070,,,,AME
2071,,,,ALL
2072,,,,CTSH
2073,,,,GWW
2074,,,,OTIS
2075,,,,KVUE
2076,,,,YUM
2077,,,,PRU
2078,,,,FIS
2079,,,,VRSK
2080,,,,IT
2081,,,,FAST
2082,,,,CSGP
2083,,,,KMI
2084,,,,URI
2085,,,,FTNT
2086,,,,COR
2087,,,,EA
2088,,,,BIIB
2089,,,,HAL
2090,,,,PPG
2091,,,,XEL
2092,,,,RSG
2093,,,,DD
2094,,,,LEN
2095,,,,CTVA
2096,,,,KDP
2097,,,,ROK
2098,,,,CMI
2099,,,,ON
2100,,,,PEG
2101,,,,ED
2102,,,,GPN
2103,,,,VICI
2104,,,,EL
2105,,,,ACGL
2106,,,,DG
2107,,,,IR
2108,,,,KR
2109,,,,DVN
2110,,,,MLM
2111,,,,VMC
2112,,,,HSY
2113,,,,CDW
2114,,,,EXR
2115,,,,KHC
2116,,,,FICO
2117,,,,PWR
2118,,,,FANG
2119,,,,CAH
2120,,,,EFX
2121,,,,GEHC
2122,,,,SBAC
2123,,,,WEC
2124,,,,MPWR
2125,,,,MRNA
2126,,,,DLTR
2127,,,,RCL
2128,,,,WST
2129,,,,EIX
2130,,,,AWK
2131,,,,WTW
2132,,,,ANSS
2133,,,,HPQ
2134,,,,XYL
2135,,,,CBRE
2136,,,,WBD
2137,,,,TTWO
2138,,,,AVB
2139,,,,ZBH
2140,,,,KEYS
2141,,,,DAL
2142,,,,FTV
2143,,,,LYB
2144,,,,MTD
2145,,,,DFS
2146,,,,HIG
2147,,,,APTV
2148,,,,STT
2149,,,,ULTA
2150,,,,RMD
2151,,,,CHD
2152,,,,WY
2153,,,,BR
2154,,,,TROW
2155,,,,TSCO
2156,,,,DTE
2157,,,,EBAY
2158,,,,GLW
2159,,,,MTB
2160,,,,HPE
2161,,,,ETR
2162,,,,WAB
2163,,,,ES
2164,,,,MOH
2165,,,,FITB
2166,,,,HWM
2167,,,,NVR
2168,,,,AEE
2169,,,,RJF
2170,,,,TRGP
2171,,,,STE
2172,,,,DOV
2173,,,,EQR
2174,,,,PHM
2175,,,,CTRA
2176,,,,IFF
2177,,,,INVH
2178,,,,VRSN
2179,,,,PPL
2180,,,,LH
2181,,,,DRI
2182,,,,FE
2183,,,,NTAP
2184,,,,TDY
2185,,,,EXPE
2186,,,,IRM
2187,,,,CBOE
2188,,,,PTC
2189,,,,GRMN
2190,,,,GPC
2191,,,,NDAQ
2192,,,,VTR
2193,,,,STLD
2194,,,,BAX
2195,,,,ARE
2196,,,,CNP
2197,,,,CLX
2198,,,,EXPD
2199,,,,BALL
2200,,,,AKAM
2201,,,,EG
2202,,,,BRO
2203,,,,HOLX
2204,,,,FDS
2205,,,,ILMN
2206,,,,LVS
2207,,,,TYL
2208,,,,FSLR
2209,,,,WAT
2210,,,,CMS
2211,,,,ATO
2212,,,,COO
2213,,,,HBAN
2214,,,,VLTO
2215,,,,NTRS
2216,,,,PFG
2217,,,,MKC
2218,,,,RF
2219,,,,BG
2220,,,,J
2221,,,,AXON
2222,,,,HUBB
2223,,,,OMC
2224,,,,CINF
2225,,,,LUV
2226,,,,CCL
2227,,,,AVY
2228,,,,ALGN
2229,,,,SWKS
2230,,,,JBHT
2231,,,,WDC
2232,,,,TXT
2233,,,,MRO
2234,,,,PKG
2235,,,,STX
2236,,,,IEX
2237,,,,DGX
2238,,,,WBA
2239,,,,WRB
2240,,,,LDOS
2241,,,,EPAM
2242,,,,SNA
2243,,,,ALB
2244,,,,CF
2245,,,,MAA
2246,,,,EQT
2247,,,,ENPH
2248,,,,LW
2249,,,,TER
2250,,,,SWK
2251,,,,BBY
2252,,,,ESS
2253,,,,SYF
2254,,,,AMCR
2255,,,,CE
2256,,,,MAS
2257,,,,POOL
2258,,,,DPZ
2259,,,,K
2260,,,,TSN
2261,,,,CFG
2262,,,,CAG
2263,,,,PODD
2264,,,,UAL
2265,,,,LNT
2266,,,,L
2267,,,,IP
2268,,,,NDSN
2269,,,,HST
2270,,,,GEN
2271,,,,ZBRA
2272,,,,KEY
2273,,,,KIM
2274,,,,MOS
2275,,,,LKQ
2276,,,,AES
2277,,,,IPG
2278,,,,LYV
2279,,,,EVRG
2280,,,,TRMB
2281,,,,JKHY
2282,,,,TAP
2283,,,,MGM
2284,,,,ROL
2285,,,,SJM
2286,,,,RVTY
2287,,,,VTRS
2288,,,,APA
2289,,,,NRG
2290,,,,PNR
2291,,,,GL
2292,,,,TFX
2293,,,,KMX
2294,,,,WRK
2295,,,,NI
2296,,,,REG
2297,,,,UDR
2298,,,,CRL
2299,,,,FFIV
2300,,,,TECH
2301,,,,EMN
2302,,,,ETSY
2303,,,,INCY
2304,,,,CZR
2305,,,,CPT
2306,,,,CHRW
2307,,,,AOS
2308,,,,QRVO
2309,,,,ALLE
2310,,,,HII
2311,,,,MTCH
2312,,,,JNPR
2313,,,,HSIC
2314,,,,HRL
2315,,,,PAYC
2316,,,,MKTX
2317,,,,AIZ
2318,,,,RHI
2319,,,,BXP
2320,,,,UHS
2321,,,,AAL
2322,,,,NWSA
2323,,,,PNW
2324,,,,WYNN
2325,,,,CPB
2326,,,,BWA
2327,,,,BBWI
2328,,,,GNRC
2329,,,,PARA
2330,,,,TPR
2331,,,,BEN
2332,,,,CTLT
2333,,,,FRT
2334,,,,FMC
2335,,,,XRAY
2336,,,,NCLH
2337,,,,IVZ
2338,,,,BIO
2339,,,,CMA
2340,,,,WHR
2341,,,,HAS
2342,,,,VFC
2343,,,,ZION
2344,,,,DVA
2345,,,,RL
2346,,,,SEE
2347,,,,ALK
2348,,,,MHK
2349,,,,SEDG
2350,,,,FOX
2351,,,,NWS
2352,,,,
2353,,,,
2354,,,,
2355,,,,
2356,,,,
2357,,,,
2358,,,,
2359,,,,
2360,,,,
2361,,,,
2362,,,,
2363,,,,
2364,,,,
2365,,,,
2366,,,,
2367,,,,
2368,,,,
2369,,,,
2370,,,,
2371,,,,
2372,,,,
2373,,,,
2374,,,,
2375,,,,
2376,,,,
2377,,,,
2378,,,,
